EOLICA-CADASTRO;1;cluster_NE_3;;1
EOLICA-CADASTRO;2;cluster_NE_1;;1
EOLICA-CADASTRO;3;cluster_NE_2;;1
EOLICA-CADASTRO;4;cluster_S_1;;1
EOLICA-CADASTRO;5;cluster_S_2;;1
EOLICA-CADASTRO-CONJUNTO-AEROGERADORES;1;1;cluster_NE_3_1;1
EOLICA-CADASTRO-CONJUNTO-AEROGERADORES;2;1;cluster_NE_1_1;1
EOLICA-CADASTRO-CONJUNTO-AEROGERADORES;3;1;cluster_NE_2_1;1
EOLICA-CADASTRO-CONJUNTO-AEROGERADORES;4;1;cluster_S_1_1;1
EOLICA-CADASTRO-CONJUNTO-AEROGERADORES;5;1;cluster_S_2_1;1
EOLICA-CONJUNTO-AEROGERADORES-POTENCIAEFETIVA-PERIODO;1;1;2021/01;2021/12;5481.500
EOLICA-CONJUNTO-AEROGERADORES-POTENCIAEFETIVA-PERIODO;1;1;2022/01;2022/12;6472.000
EOLICA-CONJUNTO-AEROGERADORES-POTENCIAEFETIVA-PERIODO;1;1;2023/01;2023/12;7543.085
EOLICA-CONJUNTO-AEROGERADORES-POTENCIAEFETIVA-PERIODO;1;1;2024/01;2024/12;9247.285
EOLICA-CONJUNTO-AEROGERADORES-POTENCIAEFETIVA-PERIODO;1;1;2025/01;2030/12;9692.385
EOLICA-CONJUNTO-AEROGERADORES-POTENCIAEFETIVA-PERIODO;2;1;2021/01;2021/12;7473.130
EOLICA-CONJUNTO-AEROGERADORES-POTENCIAEFETIVA-PERIODO;2;1;2022/01;2022/12;9947.140
EOLICA-CONJUNTO-AEROGERADORES-POTENCIAEFETIVA-PERIODO;2;1;2023/01;2023/12;10874.280
EOLICA-CONJUNTO-AEROGERADORES-POTENCIAEFETIVA-PERIODO;2;1;2024/01;2024/12;12331.680
EOLICA-CONJUNTO-AEROGERADORES-POTENCIAEFETIVA-PERIODO;2;1;2025/01;2030/12;12464.735
EOLICA-CONJUNTO-AEROGERADORES-POTENCIAEFETIVA-PERIODO;3;1;2021/01;2021/12;2118.850
EOLICA-CONJUNTO-AEROGERADORES-POTENCIAEFETIVA-PERIODO;3;1;2022/01;2022/12;2504.350
EOLICA-CONJUNTO-AEROGERADORES-POTENCIAEFETIVA-PERIODO;3;1;2023/01;2023/12;3483.625
EOLICA-CONJUNTO-AEROGERADORES-POTENCIAEFETIVA-PERIODO;3;1;2024/01;2024/12;4036.025
EOLICA-CONJUNTO-AEROGERADORES-POTENCIAEFETIVA-PERIODO;3;1;2025/01;2030/12;4036.025
EOLICA-CONJUNTO-AEROGERADORES-POTENCIAEFETIVA-PERIODO;4;1;2021/01;2021/12;267.900
EOLICA-CONJUNTO-AEROGERADORES-POTENCIAEFETIVA-PERIODO;4;1;2022/01;2022/12;267.900
EOLICA-CONJUNTO-AEROGERADORES-POTENCIAEFETIVA-PERIODO;4;1;2023/01;2023/12;267.900
EOLICA-CONJUNTO-AEROGERADORES-POTENCIAEFETIVA-PERIODO;4;1;2024/01;2024/12;267.900
EOLICA-CONJUNTO-AEROGERADORES-POTENCIAEFETIVA-PERIODO;4;1;2025/01;2030/12;267.900
EOLICA-CONJUNTO-AEROGERADORES-POTENCIAEFETIVA-PERIODO;5;1;2021/01;2021/12;1751.990
EOLICA-CONJUNTO-AEROGERADORES-POTENCIAEFETIVA-PERIODO;5;1;2022/01;2022/12;1751.990
EOLICA-CONJUNTO-AEROGERADORES-POTENCIAEFETIVA-PERIODO;5;1;2023/01;2023/12;1751.990
EOLICA-CONJUNTO-AEROGERADORES-POTENCIAEFETIVA-PERIODO;5;1;2024/01;2024/12;1751.990
EOLICA-CONJUNTO-AEROGERADORES-POTENCIAEFETIVA-PERIODO;5;1;2025/01;2030/12;1751.990
