Cluster,data_hora,vento_medio
cluster_NE_1,1980-12-01,5.4465720483001
cluster_NE_1,1981-01-01,6.31246842989959
cluster_NE_1,1981-02-01,7.65030676316865
cluster_NE_1,1981-03-01,5.33833849243792
cluster_NE_1,1981-04-01,6.32625513157733
cluster_NE_1,1981-05-01,7.24873689246341
cluster_NE_1,1981-06-01,7.784311229352
cluster_NE_1,1981-07-01,8.40567685859247
cluster_NE_1,1981-08-01,8.44201272151001
cluster_NE_1,1981-09-01,8.88781351470143
cluster_NE_1,1981-10-01,8.13563546748886
cluster_NE_1,1981-11-01,7.52284664601798
cluster_NE_1,1981-12-01,7.38346131822646
cluster_NE_1,1982-01-01,6.58445734591461
cluster_NE_1,1982-02-01,6.6044223061609
cluster_NE_1,1982-03-01,5.68704937869152
cluster_NE_1,1982-04-01,6.01169580058564
cluster_NE_1,1982-05-01,7.22311493994397
cluster_NE_1,1982-06-01,7.56275951765431
cluster_NE_1,1982-07-01,7.81230151426455
cluster_NE_1,1982-08-01,8.10384955088013
cluster_NE_1,1982-09-01,7.97633694075413
cluster_NE_1,1982-10-01,7.39115397356924
cluster_NE_1,1982-11-01,7.61166573111039
cluster_NE_1,1982-12-01,7.1880001878048
cluster_NE_1,1983-01-01,6.41207669886842
cluster_NE_1,1983-02-01,6.24401970521803
cluster_NE_1,1983-03-01,6.551644146498
cluster_NE_1,1983-04-01,7.05638588567347
cluster_NE_1,1983-05-01,7.3564794028285
cluster_NE_1,1983-06-01,7.57931069953165
cluster_NE_1,1983-07-01,7.78802722372336
cluster_NE_1,1983-08-01,8.080638659982
cluster_NE_1,1983-09-01,8.40593665352361
cluster_NE_1,1983-10-01,8.30783852619951
cluster_NE_1,1983-11-01,6.936772857678
cluster_NE_1,1983-12-01,6.71251815205964
cluster_NE_1,1984-01-01,6.26785753336938
cluster_NE_1,1984-02-01,6.61130453964602
cluster_NE_1,1984-03-01,4.73363867255236
cluster_NE_1,1984-04-01,5.23634153150279
cluster_NE_1,1984-05-01,6.28847942090413
cluster_NE_1,1984-06-01,7.24446726533012
cluster_NE_1,1984-07-01,7.72570464646751
cluster_NE_1,1984-08-01,7.92193770324763
cluster_NE_1,1984-09-01,7.74388706623799
cluster_NE_1,1984-10-01,8.00490939327583
cluster_NE_1,1984-11-01,7.52274594058767
cluster_NE_1,1984-12-01,6.58726048781856
cluster_NE_1,1985-01-01,4.88319735794129
cluster_NE_1,1985-02-01,5.06999372228512
cluster_NE_1,1985-03-01,4.77437259380031
cluster_NE_1,1985-04-01,4.74248928091992
cluster_NE_1,1985-05-01,6.18147601292719
cluster_NE_1,1985-06-01,6.20513154109687
cluster_NE_1,1985-07-01,7.89872644829823
cluster_NE_1,1985-08-01,7.89664680222128
cluster_NE_1,1985-09-01,7.97307312728782
cluster_NE_1,1985-10-01,7.08320788822509
cluster_NE_1,1985-11-01,7.19994940808055
cluster_NE_1,1985-12-01,5.7493017771426
cluster_NE_1,1986-01-01,6.21145379242894
cluster_NE_1,1986-02-01,5.21260032406026
cluster_NE_1,1986-03-01,4.94282052309497
cluster_NE_1,1986-04-01,5.31950803126277
cluster_NE_1,1986-05-01,6.94334497886291
cluster_NE_1,1986-06-01,7.72926087082013
cluster_NE_1,1986-07-01,7.37847959519196
cluster_NE_1,1986-08-01,7.54555427776253
cluster_NE_1,1986-09-01,8.57117938387432
cluster_NE_1,1986-10-01,7.51449940865596
cluster_NE_1,1986-11-01,8.05443559262283
cluster_NE_1,1986-12-01,6.9129929942109
cluster_NE_1,1987-01-01,6.53522259322967
cluster_NE_1,1987-02-01,6.96132772992655
cluster_NE_1,1987-03-01,4.91933809983227
cluster_NE_1,1987-04-01,6.37590174189462
cluster_NE_1,1987-05-01,6.7592223109235
cluster_NE_1,1987-06-01,7.26326955685799
cluster_NE_1,1987-07-01,7.75606990218823
cluster_NE_1,1987-08-01,7.83848347851385
cluster_NE_1,1987-09-01,8.09278264237729
cluster_NE_1,1987-10-01,7.42041130979656
cluster_NE_1,1987-11-01,7.40996139950809
cluster_NE_1,1987-12-01,7.06447995470639
cluster_NE_1,1988-01-01,6.1478242763926
cluster_NE_1,1988-02-01,5.78704354672581
cluster_NE_1,1988-03-01,4.83626468278515
cluster_NE_1,1988-04-01,5.32680366769221
cluster_NE_1,1988-05-01,6.28556495292566
cluster_NE_1,1988-06-01,7.45037711795968
cluster_NE_1,1988-07-01,8.23798071929622
cluster_NE_1,1988-08-01,8.5244330971286
cluster_NE_1,1988-09-01,8.6441917366351
cluster_NE_1,1988-10-01,7.74161754897572
cluster_NE_1,1988-11-01,7.46549388021031
cluster_NE_1,1988-12-01,5.99576481502161
cluster_NE_1,1989-01-01,6.30771152315397
cluster_NE_1,1989-02-01,5.86322280609189
cluster_NE_1,1989-03-01,5.24615352382639
cluster_NE_1,1989-04-01,5.07359254704794
cluster_NE_1,1989-05-01,6.14434882846952
cluster_NE_1,1989-06-01,6.66799844674222
cluster_NE_1,1989-07-01,7.11774968459111
cluster_NE_1,1989-08-01,8.09245495636924
cluster_NE_1,1989-09-01,7.71064603836836
cluster_NE_1,1989-10-01,7.87115232032149
cluster_NE_1,1989-11-01,7.07963306560795
cluster_NE_1,1989-12-01,6.31678332189172
cluster_NE_1,1990-01-01,7.28118694187296
cluster_NE_1,1990-02-01,5.62442547095787
cluster_NE_1,1990-03-01,6.46959070899974
cluster_NE_1,1990-04-01,6.5613366201222
cluster_NE_1,1990-05-01,6.59297902259799
cluster_NE_1,1990-06-01,7.72517343906179
cluster_NE_1,1990-07-01,7.22032757355553
cluster_NE_1,1990-08-01,8.29824646302686
cluster_NE_1,1990-09-01,8.15084529517878
cluster_NE_1,1990-10-01,8.1009872600094
cluster_NE_1,1990-11-01,7.3931008175087
cluster_NE_1,1990-12-01,6.85835402804265
cluster_NE_1,1991-01-01,5.91340514495631
cluster_NE_1,1991-02-01,5.89228994735583
cluster_NE_1,1991-03-01,5.84425257780119
cluster_NE_1,1991-04-01,5.82414727505456
cluster_NE_1,1991-05-01,6.80926761281727
cluster_NE_1,1991-06-01,7.66105240743921
cluster_NE_1,1991-07-01,8.38019660038541
cluster_NE_1,1991-08-01,8.85665796734206
cluster_NE_1,1991-09-01,8.22421586371476
cluster_NE_1,1991-10-01,8.38687146159547
cluster_NE_1,1991-11-01,6.83019425888419
cluster_NE_1,1991-12-01,6.72568275401483
cluster_NE_1,1992-01-01,6.18351593545344
cluster_NE_1,1992-02-01,6.67920113763098
cluster_NE_1,1992-03-01,6.80949156023115
cluster_NE_1,1992-04-01,6.32158943479202
cluster_NE_1,1992-05-01,6.88168273405669
cluster_NE_1,1992-06-01,7.71583890530905
cluster_NE_1,1992-07-01,7.92774216546277
cluster_NE_1,1992-08-01,8.13767213122274
cluster_NE_1,1992-09-01,8.4514677786461
cluster_NE_1,1992-10-01,7.98251742743118
cluster_NE_1,1992-11-01,7.32154438168004
cluster_NE_1,1992-12-01,6.78114941972431
cluster_NE_1,1993-01-01,6.4643221943443
cluster_NE_1,1993-02-01,6.40840133545505
cluster_NE_1,1993-03-01,6.59742514187577
cluster_NE_1,1993-04-01,6.44192809524685
cluster_NE_1,1993-05-01,7.31255917358657
cluster_NE_1,1993-06-01,7.74929278855919
cluster_NE_1,1993-07-01,7.8008726022713
cluster_NE_1,1993-08-01,7.92710438779743
cluster_NE_1,1993-09-01,7.48874901288034
cluster_NE_1,1993-10-01,8.09790312292371
cluster_NE_1,1993-11-01,7.67856633028776
cluster_NE_1,1993-12-01,6.97743689811232
cluster_NE_1,1994-01-01,5.38856138076668
cluster_NE_1,1994-02-01,5.59495527795328
cluster_NE_1,1994-03-01,5.14219311908305
cluster_NE_1,1994-04-01,5.86571373717333
cluster_NE_1,1994-05-01,6.73678882953301
cluster_NE_1,1994-06-01,6.7857664753587
cluster_NE_1,1994-07-01,7.94799740541482
cluster_NE_1,1994-08-01,8.1173181315933
cluster_NE_1,1994-09-01,8.65302733174142
cluster_NE_1,1994-10-01,8.316901322411
cluster_NE_1,1994-11-01,7.48936675931706
cluster_NE_1,1994-12-01,7.13135086931297
cluster_NE_1,1995-01-01,6.04576965584511
cluster_NE_1,1995-02-01,5.16323396365387
cluster_NE_1,1995-03-01,5.48822297745754
cluster_NE_1,1995-04-01,5.4322099714752
cluster_NE_1,1995-05-01,5.63658011828328
cluster_NE_1,1995-06-01,7.44053743100189
cluster_NE_1,1995-07-01,8.09365642826476
cluster_NE_1,1995-08-01,8.42493592679951
cluster_NE_1,1995-09-01,8.90801269951844
cluster_NE_1,1995-10-01,7.64618486832645
cluster_NE_1,1995-11-01,7.33927099448346
cluster_NE_1,1995-12-01,6.07696354576532
cluster_NE_1,1996-01-01,6.43311325183383
cluster_NE_1,1996-02-01,6.10656501476774
cluster_NE_1,1996-03-01,4.7927372669542
cluster_NE_1,1996-04-01,5.25728946602908
cluster_NE_1,1996-05-01,6.19325100393735
cluster_NE_1,1996-06-01,7.6194594065079
cluster_NE_1,1996-07-01,7.96623763998574
cluster_NE_1,1996-08-01,8.26762249484841
cluster_NE_1,1996-09-01,8.66873387142172
cluster_NE_1,1996-10-01,7.81511976716132
cluster_NE_1,1996-11-01,7.07291392013518
cluster_NE_1,1996-12-01,6.85120359885815
cluster_NE_1,1997-01-01,6.06285717198122
cluster_NE_1,1997-02-01,7.17924938801181
cluster_NE_1,1997-03-01,5.8617025419097
cluster_NE_1,1997-04-01,5.72453902299474
cluster_NE_1,1997-05-01,7.17062921030395
cluster_NE_1,1997-06-01,6.92137892711908
cluster_NE_1,1997-07-01,8.12727446461554
cluster_NE_1,1997-08-01,8.54881648674447
cluster_NE_1,1997-09-01,7.32950487237609
cluster_NE_1,1997-10-01,7.14917783114079
cluster_NE_1,1997-11-01,7.01472145152458
cluster_NE_1,1997-12-01,6.27316319933161
cluster_NE_1,1998-01-01,5.46259694304561
cluster_NE_1,1998-02-01,6.44461385807434
cluster_NE_1,1998-03-01,6.26875700433371
cluster_NE_1,1998-04-01,7.1239807211524
cluster_NE_1,1998-05-01,7.42762242394581
cluster_NE_1,1998-06-01,8.11510844178356
cluster_NE_1,1998-07-01,8.00805468876231
cluster_NE_1,1998-08-01,8.44492129328051
cluster_NE_1,1998-09-01,8.65638865897191
cluster_NE_1,1998-10-01,8.36555068916578
cluster_NE_1,1998-11-01,6.4784663123189
cluster_NE_1,1998-12-01,6.73875601200495
cluster_NE_1,1999-01-01,6.35654033455972
cluster_NE_1,1999-02-01,6.51274769679724
cluster_NE_1,1999-03-01,5.65078425349909
cluster_NE_1,1999-04-01,6.63364903176836
cluster_NE_1,1999-05-01,6.25189713018926
cluster_NE_1,1999-06-01,7.35500752800831
cluster_NE_1,1999-07-01,8.32210591385086
cluster_NE_1,1999-08-01,8.70798775343185
cluster_NE_1,1999-09-01,8.49866743687761
cluster_NE_1,1999-10-01,7.82664749202223
cluster_NE_1,1999-11-01,6.88458814149738
cluster_NE_1,1999-12-01,6.65043063380196
cluster_NE_1,2000-01-01,5.72625718515329
cluster_NE_1,2000-02-01,5.28031241689718
cluster_NE_1,2000-03-01,6.17832152156766
cluster_NE_1,2000-04-01,6.088838542032
cluster_NE_1,2000-05-01,6.79926775373934
cluster_NE_1,2000-06-01,7.26985079211605
cluster_NE_1,2000-07-01,7.57529595366857
cluster_NE_1,2000-08-01,8.08142939537866
cluster_NE_1,2000-09-01,8.38997159631817
cluster_NE_1,2000-10-01,8.14690399705723
cluster_NE_1,2000-11-01,6.93758971611026
cluster_NE_1,2000-12-01,6.08947362327218
cluster_NE_1,2001-01-01,6.82013886861812
cluster_NE_1,2001-02-01,5.943114344989
cluster_NE_1,2001-03-01,5.65700746537588
cluster_NE_1,2001-04-01,6.27613377658481
cluster_NE_1,2001-05-01,6.18271531855566
cluster_NE_1,2001-06-01,7.41706868324057
cluster_NE_1,2001-07-01,7.8974723225124
cluster_NE_1,2001-08-01,8.8803165787471
cluster_NE_1,2001-09-01,8.06207383402413
cluster_NE_1,2001-10-01,7.44112620654767
cluster_NE_1,2001-11-01,6.95626796463265
cluster_NE_1,2001-12-01,7.48655847592729
cluster_NE_1,2002-01-01,5.71149319566822
cluster_NE_1,2002-02-01,6.28777631117724
cluster_NE_1,2002-03-01,6.15951175656602
cluster_NE_1,2002-04-01,6.17457907486775
cluster_NE_1,2002-05-01,6.72924298954343
cluster_NE_1,2002-06-01,7.45844185846535
cluster_NE_1,2002-07-01,7.51419891355169
cluster_NE_1,2002-08-01,8.564614403761
cluster_NE_1,2002-09-01,7.97268658525383
cluster_NE_1,2002-10-01,8.38365472714894
cluster_NE_1,2002-11-01,7.55659534174094
cluster_NE_1,2002-12-01,6.47183658642962
cluster_NE_1,2003-01-01,5.44770865720038
cluster_NE_1,2003-02-01,6.1929254399543
cluster_NE_1,2003-03-01,5.61759803551981
cluster_NE_1,2003-04-01,5.96430454782433
cluster_NE_1,2003-05-01,6.41674958433811
cluster_NE_1,2003-06-01,7.24095990917197
cluster_NE_1,2003-07-01,8.20631581447206
cluster_NE_1,2003-08-01,7.84505062992701
cluster_NE_1,2003-09-01,8.50824439316572
cluster_NE_1,2003-10-01,8.40786955813455
cluster_NE_1,2003-11-01,7.44012151668551
cluster_NE_1,2003-12-01,7.00668110273369
cluster_NE_1,2004-01-01,5.48782431563218
cluster_NE_1,2004-02-01,5.56948777555433
cluster_NE_1,2004-03-01,6.08302155099436
cluster_NE_1,2004-04-01,6.27530877492694
cluster_NE_1,2004-05-01,6.73762324982269
cluster_NE_1,2004-06-01,7.41403325683293
cluster_NE_1,2004-07-01,7.54183663740232
cluster_NE_1,2004-08-01,7.93250568795913
cluster_NE_1,2004-09-01,8.77560384463214
cluster_NE_1,2004-10-01,7.92847921946111
cluster_NE_1,2004-11-01,7.63515718319308
cluster_NE_1,2004-12-01,6.66628850875024
cluster_NE_1,2005-01-01,5.97705760554786
cluster_NE_1,2005-02-01,6.10203124180561
cluster_NE_1,2005-03-01,5.43445545885031
cluster_NE_1,2005-04-01,6.69128536544599
cluster_NE_1,2005-05-01,6.87705674060535
cluster_NE_1,2005-06-01,7.35834179079997
cluster_NE_1,2005-07-01,7.96862564771331
cluster_NE_1,2005-08-01,8.44249265205804
cluster_NE_1,2005-09-01,8.16286326700987
cluster_NE_1,2005-10-01,8.20996983261708
cluster_NE_1,2005-11-01,7.49755381694066
cluster_NE_1,2005-12-01,6.89621424334759
cluster_NE_1,2006-01-01,7.57329410458184
cluster_NE_1,2006-02-01,5.20137915445555
cluster_NE_1,2006-03-01,5.30255021188976
cluster_NE_1,2006-04-01,4.92094197382721
cluster_NE_1,2006-05-01,6.18588086573701
cluster_NE_1,2006-06-01,7.63506799964506
cluster_NE_1,2006-07-01,7.66927841909313
cluster_NE_1,2006-08-01,8.16042358781209
cluster_NE_1,2006-09-01,8.03610200629359
cluster_NE_1,2006-10-01,7.54085941595431
cluster_NE_1,2006-11-01,7.04748947731401
cluster_NE_1,2006-12-01,6.6224608493481
cluster_NE_1,2007-01-01,6.63147634980879
cluster_NE_1,2007-02-01,5.32570223808512
cluster_NE_1,2007-03-01,6.63930131445508
cluster_NE_1,2007-04-01,5.9687317654299
cluster_NE_1,2007-05-01,6.81470137605435
cluster_NE_1,2007-06-01,7.60347903424485
cluster_NE_1,2007-07-01,7.71348263188677
cluster_NE_1,2007-08-01,8.91973162102276
cluster_NE_1,2007-09-01,9.08393665762942
cluster_NE_1,2007-10-01,8.53833547564604
cluster_NE_1,2007-11-01,7.47967436953772
cluster_NE_1,2007-12-01,6.97213777158492
cluster_NE_1,2008-01-01,6.22132340812677
cluster_NE_1,2008-02-01,5.82506771878761
cluster_NE_1,2008-03-01,4.55416520352055
cluster_NE_1,2008-04-01,5.12328045420795
cluster_NE_1,2008-05-01,6.10901041396535
cluster_NE_1,2008-06-01,7.34772058967335
cluster_NE_1,2008-07-01,8.08417336493092
cluster_NE_1,2008-08-01,7.95234748604949
cluster_NE_1,2008-09-01,8.35566102679347
cluster_NE_1,2008-10-01,8.75661596101109
cluster_NE_1,2008-11-01,7.20239707092987
cluster_NE_1,2008-12-01,6.39112952097075
cluster_NE_1,2009-01-01,6.0033239366778
cluster_NE_1,2009-02-01,5.70571432919478
cluster_NE_1,2009-03-01,4.95082601022591
cluster_NE_1,2009-04-01,4.35520916635128
cluster_NE_1,2009-05-01,5.24325929895031
cluster_NE_1,2009-06-01,6.61425313189103
cluster_NE_1,2009-07-01,7.14768536012914
cluster_NE_1,2009-08-01,7.88237649219266
cluster_NE_1,2009-09-01,7.81062169050708
cluster_NE_1,2009-10-01,6.70450514874765
cluster_NE_1,2009-11-01,7.4790255938442
cluster_NE_1,2009-12-01,6.52724418743679
cluster_NE_1,2010-01-01,6.17544078071639
cluster_NE_1,2010-02-01,6.66667516955611
cluster_NE_1,2010-03-01,5.5635995759324
cluster_NE_1,2010-04-01,6.24368898087705
cluster_NE_1,2010-05-01,6.19087037116141
cluster_NE_1,2010-06-01,7.40231194299282
cluster_NE_1,2010-07-01,8.25922156191477
cluster_NE_1,2010-08-01,8.57075468736461
cluster_NE_1,2010-09-01,8.90780505199965
cluster_NE_1,2010-10-01,7.12458650859095
cluster_NE_1,2010-11-01,7.11813788316578
cluster_NE_1,2010-12-01,6.12614625110608
cluster_NE_1,2011-01-01,5.705191738131
cluster_NE_1,2011-02-01,5.67719006022481
cluster_NE_1,2011-03-01,4.96045958106793
cluster_NE_1,2011-04-01,5.77821055290932
cluster_NE_1,2011-05-01,6.59611409347033
cluster_NE_1,2011-06-01,6.85617306217193
cluster_NE_1,2011-07-01,7.65508634425614
cluster_NE_1,2011-08-01,7.82642008002447
cluster_NE_1,2011-09-01,8.82306512255085
cluster_NE_1,2011-10-01,7.38629243527929
cluster_NE_1,2011-11-01,7.40652540206146
cluster_NE_1,2011-12-01,7.03225227350336
cluster_NE_1,2012-01-01,6.89284524678983
cluster_NE_1,2012-02-01,6.78770907535293
cluster_NE_1,2012-03-01,6.6721359793082
cluster_NE_1,2012-04-01,6.79155396167052
cluster_NE_1,2012-05-01,7.29811473215274
cluster_NE_1,2012-06-01,7.29460409875815
cluster_NE_1,2012-07-01,8.01634140881789
cluster_NE_1,2012-08-01,8.9486297357149
cluster_NE_1,2012-09-01,8.64223074905767
cluster_NE_1,2012-10-01,8.58661075006837
cluster_NE_1,2012-11-01,6.36977004045322
cluster_NE_1,2012-12-01,6.82031783795928
cluster_NE_1,2013-01-01,6.30171579118628
cluster_NE_1,2013-02-01,7.35655881855274
cluster_NE_1,2013-03-01,6.36721348378722
cluster_NE_1,2013-04-01,5.98326676249495
cluster_NE_1,2013-05-01,6.54815638381665
cluster_NE_1,2013-06-01,6.98000026408337
cluster_NE_1,2013-07-01,7.53001599754844
cluster_NE_1,2013-08-01,8.20442204197675
cluster_NE_1,2013-09-01,8.48379493499863
cluster_NE_1,2013-10-01,8.20252679752971
cluster_NE_1,2013-11-01,7.46470912727702
cluster_NE_1,2013-12-01,6.38406557755437
cluster_NE_1,2014-01-01,7.08048488668108
cluster_NE_1,2014-02-01,6.6341811266863
cluster_NE_1,2014-03-01,6.22298679828018
cluster_NE_1,2014-04-01,5.78261028701441
cluster_NE_1,2014-05-01,6.31194346424688
cluster_NE_1,2014-06-01,7.48091082136652
cluster_NE_1,2014-07-01,7.9791683019344
cluster_NE_1,2014-08-01,8.28458927361487
cluster_NE_1,2014-09-01,8.15372227793777
cluster_NE_1,2014-10-01,8.59420665801777
cluster_NE_1,2014-11-01,6.9649163847877
cluster_NE_1,2014-12-01,7.16526894433201
cluster_NE_1,2015-01-01,7.1085032833115
cluster_NE_1,2015-02-01,6.40452958416299
cluster_NE_1,2015-03-01,5.83451744325379
cluster_NE_1,2015-04-01,5.63317858527836
cluster_NE_1,2015-05-01,6.98371382796928
cluster_NE_1,2015-06-01,7.46039784304893
cluster_NE_1,2015-07-01,7.97649568216987
cluster_NE_1,2015-08-01,8.51334702298953
cluster_NE_1,2015-09-01,8.11029249001436
cluster_NE_1,2015-10-01,8.24628990041132
cluster_NE_1,2015-11-01,7.14295162368279
cluster_NE_1,2015-12-01,7.25993116265634
cluster_NE_1,2016-01-01,5.39910521025737
cluster_NE_1,2016-02-01,6.46904692510999
cluster_NE_1,2016-03-01,6.39194535610601
cluster_NE_1,2016-04-01,6.99964033272164
cluster_NE_1,2016-05-01,6.68560192064688
cluster_NE_1,2016-06-01,7.24886339220903
cluster_NE_1,2016-07-01,7.98754462296247
cluster_NE_1,2016-08-01,8.09831917989014
cluster_NE_1,2016-09-01,8.21708571128411
cluster_NE_1,2016-10-01,8.27451026158612
cluster_NE_1,2016-11-01,7.72931099380856
cluster_NE_1,2016-12-01,7.19943853665267
cluster_NE_1,2017-01-01,6.76953581691129
cluster_NE_1,2017-02-01,6.08071199677686
cluster_NE_1,2017-03-01,5.55573585779596
cluster_NE_1,2017-04-01,6.28534174609428
cluster_NE_1,2017-05-01,6.58082603428753
cluster_NE_1,2017-06-01,7.69710238865184
cluster_NE_1,2017-07-01,8.75525958466432
cluster_NE_1,2017-08-01,8.05843434079951
cluster_NE_1,2017-09-01,9.44811781263139
cluster_NE_1,2017-10-01,8.61175056005667
cluster_NE_1,2017-11-01,7.17868328261653
cluster_NE_1,2017-12-01,6.84376468592595
cluster_NE_1,2018-01-01,6.46009596343814
cluster_NE_1,2018-02-01,5.43896708551366
cluster_NE_1,2018-03-01,5.47687726679743
cluster_NE_1,2018-04-01,5.8534088796196
cluster_NE_1,2018-05-01,6.76927300441103
cluster_NE_1,2018-06-01,7.54500976114317
cluster_NE_1,2018-07-01,7.84829610347621
cluster_NE_1,2018-08-01,8.02876814640885
cluster_NE_1,2018-09-01,8.32235850071158
cluster_NE_1,2018-10-01,7.39378009554592
cluster_NE_1,2018-11-01,7.84339182173855
cluster_NE_1,2018-12-01,6.2945781976353
cluster_NE_1,2019-01-01,6.75603691703823
cluster_NE_1,2019-02-01,5.08660569498309
cluster_NE_1,2019-03-01,5.11557932114936
cluster_NE_1,2019-04-01,5.17190760492345
cluster_NE_1,2019-05-01,6.3615549948388
cluster_NE_1,2019-06-01,7.55113886827336
cluster_NE_1,2019-07-01,7.54797879133786
cluster_NE_1,2019-08-01,8.48006695157335
cluster_NE_1,2019-09-01,8.34072830892695
cluster_NE_1,2019-10-01,8.03519583741745
cluster_NE_1,2019-11-01,7.36798287261718
cluster_NE_1,2019-12-01,7.08131277368892
cluster_NE_1,2020-01-01,5.32545539555258
cluster_NE_1,2020-02-01,5.21553475379404
cluster_NE_1,2020-03-01,4.60311768871486
cluster_NE_1,2020-04-01,5.38121291821867
cluster_NE_1,2020-05-01,6.23940628430209
cluster_NE_1,2020-06-01,7.29972666200218
cluster_NE_1,2020-07-01,7.64757532040678
cluster_NE_1,2020-08-01,8.30477853772216
cluster_NE_1,2020-09-01,8.32244133988566
cluster_NE_1,2020-10-01,7.39709228606125
cluster_NE_1,2020-11-01,6.87584596316204
cluster_NE_1,2020-12-01,6.93250291990205
cluster_NE_1,2021-01-01,6.45027171479351
cluster_S_1,1980-12-01,8.24325716274848
cluster_S_1,1981-01-01,6.89198361192225
cluster_S_1,1981-02-01,6.4629043092169
cluster_S_1,1981-03-01,5.82589670943054
cluster_S_1,1981-04-01,6.12178188217681
cluster_S_1,1981-05-01,6.51037780269719
cluster_S_1,1981-06-01,6.81104880182866
cluster_S_1,1981-07-01,6.39107901789634
cluster_S_1,1981-08-01,6.37181297924268
cluster_S_1,1981-09-01,7.73962806861439
cluster_S_1,1981-10-01,6.4142005981225
cluster_S_1,1981-11-01,6.21949924087164
cluster_S_1,1981-12-01,6.86538374110285
cluster_S_1,1982-01-01,6.67267602782561
cluster_S_1,1982-02-01,6.41630346246577
cluster_S_1,1982-03-01,6.33695351992048
cluster_S_1,1982-04-01,6.58093461062799
cluster_S_1,1982-05-01,6.30667392488505
cluster_S_1,1982-06-01,6.15545436520472
cluster_S_1,1982-07-01,6.4287109588835
cluster_S_1,1982-08-01,6.38154947371525
cluster_S_1,1982-09-01,7.09359589746482
cluster_S_1,1982-10-01,6.60106322346932
cluster_S_1,1982-11-01,6.18691503367755
cluster_S_1,1982-12-01,6.23068313511402
cluster_S_1,1983-01-01,7.17634894488051
cluster_S_1,1983-02-01,6.22289138330497
cluster_S_1,1983-03-01,6.11231928891512
cluster_S_1,1983-04-01,5.96887175383484
cluster_S_1,1983-05-01,6.16512514233665
cluster_S_1,1983-06-01,6.43018532129373
cluster_S_1,1983-07-01,6.22508977553965
cluster_S_1,1983-08-01,6.50864369574329
cluster_S_1,1983-09-01,6.837087134959
cluster_S_1,1983-10-01,7.03223916071572
cluster_S_1,1983-11-01,6.680444150692
cluster_S_1,1983-12-01,6.0119897774721
cluster_S_1,1984-01-01,5.90464398298308
cluster_S_1,1984-02-01,5.81555475698661
cluster_S_1,1984-03-01,6.27934498678627
cluster_S_1,1984-04-01,7.52293252429556
cluster_S_1,1984-05-01,6.88873045124666
cluster_S_1,1984-06-01,6.71870574815457
cluster_S_1,1984-07-01,6.78591661749961
cluster_S_1,1984-08-01,6.20703491142294
cluster_S_1,1984-09-01,7.40680241219935
cluster_S_1,1984-10-01,6.78653348898919
cluster_S_1,1984-11-01,6.87831644695501
cluster_S_1,1984-12-01,6.18317414001885
cluster_S_1,1985-01-01,6.75369260894808
cluster_S_1,1985-02-01,5.98017248493828
cluster_S_1,1985-03-01,6.09091770483146
cluster_S_1,1985-04-01,6.30102410127387
cluster_S_1,1985-05-01,6.0567231018774
cluster_S_1,1985-06-01,6.17811873432655
cluster_S_1,1985-07-01,6.41864466926947
cluster_S_1,1985-08-01,6.37267908793901
cluster_S_1,1985-09-01,6.79305981334922
cluster_S_1,1985-10-01,6.69753558183768
cluster_S_1,1985-11-01,6.67366108624409
cluster_S_1,1985-12-01,6.23800262944037
cluster_S_1,1986-01-01,6.3699317171148
cluster_S_1,1986-02-01,6.26626636729299
cluster_S_1,1986-03-01,6.09612288139555
cluster_S_1,1986-04-01,6.3115788226738
cluster_S_1,1986-05-01,6.58171338706169
cluster_S_1,1986-06-01,6.42046114103387
cluster_S_1,1986-07-01,6.54323255933719
cluster_S_1,1986-08-01,6.98196493561051
cluster_S_1,1986-09-01,7.68657378027235
cluster_S_1,1986-10-01,6.89955156949242
cluster_S_1,1986-11-01,6.77758796423322
cluster_S_1,1986-12-01,6.48717697160923
cluster_S_1,1987-01-01,6.09725715530127
cluster_S_1,1987-02-01,6.27684027404226
cluster_S_1,1987-03-01,6.25892609254393
cluster_S_1,1987-04-01,5.93787623878396
cluster_S_1,1987-05-01,7.0557717441574
cluster_S_1,1987-06-01,6.20910283216593
cluster_S_1,1987-07-01,6.88686275865883
cluster_S_1,1987-08-01,7.0332448693601
cluster_S_1,1987-09-01,6.60559253890821
cluster_S_1,1987-10-01,6.3154823746886
cluster_S_1,1987-11-01,7.00461288677116
cluster_S_1,1987-12-01,6.42641278168117
cluster_S_1,1988-01-01,6.06818406116849
cluster_S_1,1988-02-01,6.20613276214192
cluster_S_1,1988-03-01,6.5312989501314
cluster_S_1,1988-04-01,6.26375680797926
cluster_S_1,1988-05-01,5.70831067942887
cluster_S_1,1988-06-01,5.46206419657638
cluster_S_1,1988-07-01,7.1732289943169
cluster_S_1,1988-08-01,6.75413200441157
cluster_S_1,1988-09-01,6.30433379279692
cluster_S_1,1988-10-01,7.19910569682961
cluster_S_1,1988-11-01,6.82749239955111
cluster_S_1,1988-12-01,6.51699631864469
cluster_S_1,1989-01-01,6.25754723611482
cluster_S_1,1989-02-01,6.14555042797038
cluster_S_1,1989-03-01,6.04144113070044
cluster_S_1,1989-04-01,5.91602443031554
cluster_S_1,1989-05-01,5.3859400094028
cluster_S_1,1989-06-01,5.24662018363977
cluster_S_1,1989-07-01,6.29638443214973
cluster_S_1,1989-08-01,7.08918895922349
cluster_S_1,1989-09-01,6.82550122808525
cluster_S_1,1989-10-01,6.8995701162289
cluster_S_1,1989-11-01,7.15950138456935
cluster_S_1,1989-12-01,7.44387147103582
cluster_S_1,1990-01-01,6.35967550410546
cluster_S_1,1990-02-01,6.60513420411417
cluster_S_1,1990-03-01,6.05498614309124
cluster_S_1,1990-04-01,5.80013369364285
cluster_S_1,1990-05-01,6.02068764370954
cluster_S_1,1990-06-01,6.08420317341399
cluster_S_1,1990-07-01,6.36983156933667
cluster_S_1,1990-08-01,6.34614607509306
cluster_S_1,1990-09-01,7.39646188491608
cluster_S_1,1990-10-01,6.76063378695978
cluster_S_1,1990-11-01,7.2612949036891
cluster_S_1,1990-12-01,7.82744941103316
cluster_S_1,1991-01-01,7.36631302891462
cluster_S_1,1991-02-01,6.12548426949132
cluster_S_1,1991-03-01,5.63025025854419
cluster_S_1,1991-04-01,5.70388625417982
cluster_S_1,1991-05-01,5.90276531894151
cluster_S_1,1991-06-01,6.283723016204
cluster_S_1,1991-07-01,6.79406981984411
cluster_S_1,1991-08-01,6.84374352760897
cluster_S_1,1991-09-01,7.40967772840829
cluster_S_1,1991-10-01,7.01232570760883
cluster_S_1,1991-11-01,7.08432832714206
cluster_S_1,1991-12-01,5.93178804034159
cluster_S_1,1992-01-01,7.2013268331149
cluster_S_1,1992-02-01,6.43428112904417
cluster_S_1,1992-03-01,5.98296687137655
cluster_S_1,1992-04-01,7.08346580752354
cluster_S_1,1992-05-01,6.83297677739648
cluster_S_1,1992-06-01,6.5694347103327
cluster_S_1,1992-07-01,6.84642428251397
cluster_S_1,1992-08-01,6.47423395310679
cluster_S_1,1992-09-01,6.93243644258577
cluster_S_1,1992-10-01,6.24272483973127
cluster_S_1,1992-11-01,6.69459525941173
cluster_S_1,1992-12-01,6.91842163285451
cluster_S_1,1993-01-01,6.25952223492509
cluster_S_1,1993-02-01,5.87145973173319
cluster_S_1,1993-03-01,5.22302001447449
cluster_S_1,1993-04-01,6.68357439257773
cluster_S_1,1993-05-01,6.41089036582968
cluster_S_1,1993-06-01,6.63795753690354
cluster_S_1,1993-07-01,7.08367565865808
cluster_S_1,1993-08-01,6.03847576515798
cluster_S_1,1993-09-01,6.83821137457012
cluster_S_1,1993-10-01,6.50195880970484
cluster_S_1,1993-11-01,7.68062585521309
cluster_S_1,1993-12-01,6.96862602009136
cluster_S_1,1994-01-01,6.53005731785212
cluster_S_1,1994-02-01,6.11765819648561
cluster_S_1,1994-03-01,7.02009169136863
cluster_S_1,1994-04-01,6.22306533434293
cluster_S_1,1994-05-01,5.59905095489325
cluster_S_1,1994-06-01,6.57818337463744
cluster_S_1,1994-07-01,6.64617311368447
cluster_S_1,1994-08-01,6.43539181163708
cluster_S_1,1994-09-01,7.21928803095275
cluster_S_1,1994-10-01,6.96610702083791
cluster_S_1,1994-11-01,6.6233607630698
cluster_S_1,1994-12-01,5.82510621944939
cluster_S_1,1995-01-01,6.32555122285328
cluster_S_1,1995-02-01,6.59635794272157
cluster_S_1,1995-03-01,6.02603416311054
cluster_S_1,1995-04-01,6.72512073786884
cluster_S_1,1995-05-01,5.34777313452695
cluster_S_1,1995-06-01,6.04883790190724
cluster_S_1,1995-07-01,6.26900563253031
cluster_S_1,1995-08-01,6.2532520933733
cluster_S_1,1995-09-01,7.3138785833447
cluster_S_1,1995-10-01,7.06656723486013
cluster_S_1,1995-11-01,6.80050874535719
cluster_S_1,1995-12-01,6.82080164967526
cluster_S_1,1996-01-01,6.50468319202931
cluster_S_1,1996-02-01,6.70309192926645
cluster_S_1,1996-03-01,6.90197788671768
cluster_S_1,1996-04-01,7.20997143587976
cluster_S_1,1996-05-01,4.93595596751658
cluster_S_1,1996-06-01,5.88830086101826
cluster_S_1,1996-07-01,6.09814633075477
cluster_S_1,1996-08-01,6.19240144549255
cluster_S_1,1996-09-01,7.15173202627621
cluster_S_1,1996-10-01,6.90231506895857
cluster_S_1,1996-11-01,7.12396184589529
cluster_S_1,1996-12-01,6.39186564758592
cluster_S_1,1997-01-01,6.93380907189418
cluster_S_1,1997-02-01,7.13171841069038
cluster_S_1,1997-03-01,5.75513601000336
cluster_S_1,1997-04-01,6.24757528838872
cluster_S_1,1997-05-01,6.23814556804759
cluster_S_1,1997-06-01,7.43822513384259
cluster_S_1,1997-07-01,6.57364028590209
cluster_S_1,1997-08-01,6.70309486696966
cluster_S_1,1997-09-01,5.89069891155716
cluster_S_1,1997-10-01,7.75885151010347
cluster_S_1,1997-11-01,7.13014405395614
cluster_S_1,1997-12-01,6.96903605092503
cluster_S_1,1998-01-01,6.68967992598134
cluster_S_1,1998-02-01,6.53950637880623
cluster_S_1,1998-03-01,6.59531218347326
cluster_S_1,1998-04-01,7.43211038182921
cluster_S_1,1998-05-01,6.29231572168398
cluster_S_1,1998-06-01,5.97210896865964
cluster_S_1,1998-07-01,6.39292128137267
cluster_S_1,1998-08-01,6.13765500125618
cluster_S_1,1998-09-01,6.68916205722391
cluster_S_1,1998-10-01,6.80252674435042
cluster_S_1,1998-11-01,6.86078766655601
cluster_S_1,1998-12-01,7.34807291318905
cluster_S_1,1999-01-01,6.54435761914195
cluster_S_1,1999-02-01,5.97012273274984
cluster_S_1,1999-03-01,6.58770907970751
cluster_S_1,1999-04-01,7.34319924835351
cluster_S_1,1999-05-01,6.13961875885026
cluster_S_1,1999-06-01,6.30224866248749
cluster_S_1,1999-07-01,6.77456898760245
cluster_S_1,1999-08-01,7.36476053166552
cluster_S_1,1999-09-01,7.06359911941206
cluster_S_1,1999-10-01,8.08722346020855
cluster_S_1,1999-11-01,6.57728397060669
cluster_S_1,1999-12-01,7.06008948367035
cluster_S_1,2000-01-01,6.17613332707679
cluster_S_1,2000-02-01,6.60727769486469
cluster_S_1,2000-03-01,6.64744544962438
cluster_S_1,2000-04-01,6.43326423077596
cluster_S_1,2000-05-01,7.09207387341811
cluster_S_1,2000-06-01,7.05344458431814
cluster_S_1,2000-07-01,7.2097350434588
cluster_S_1,2000-08-01,6.11575791441814
cluster_S_1,2000-09-01,6.56602371449569
cluster_S_1,2000-10-01,7.00191005124429
cluster_S_1,2000-11-01,6.54979658403904
cluster_S_1,2000-12-01,5.6739020890431
cluster_S_1,2001-01-01,6.0023768142866
cluster_S_1,2001-02-01,6.10826068125915
cluster_S_1,2001-03-01,5.67288697038496
cluster_S_1,2001-04-01,6.27409064732507
cluster_S_1,2001-05-01,6.46511196144872
cluster_S_1,2001-06-01,6.07216708311677
cluster_S_1,2001-07-01,6.97414432063112
cluster_S_1,2001-08-01,6.33065208709081
cluster_S_1,2001-09-01,7.84541778605043
cluster_S_1,2001-10-01,8.02095952348494
cluster_S_1,2001-11-01,6.66431036581963
cluster_S_1,2001-12-01,6.48634613987385
cluster_S_1,2002-01-01,6.4303420815275
cluster_S_1,2002-02-01,6.35954478398762
cluster_S_1,2002-03-01,6.64346705514678
cluster_S_1,2002-04-01,6.52369084231197
cluster_S_1,2002-05-01,6.02185563496366
cluster_S_1,2002-06-01,6.3104419667336
cluster_S_1,2002-07-01,6.08659739449217
cluster_S_1,2002-08-01,6.97283886437949
cluster_S_1,2002-09-01,6.77807224228633
cluster_S_1,2002-10-01,6.78783293410439
cluster_S_1,2002-11-01,7.373104492073
cluster_S_1,2002-12-01,6.92670356095906
cluster_S_1,2003-01-01,5.86862819581334
cluster_S_1,2003-02-01,5.70877733431697
cluster_S_1,2003-03-01,5.89545017423613
cluster_S_1,2003-04-01,6.24613593261679
cluster_S_1,2003-05-01,6.88800781105256
cluster_S_1,2003-06-01,5.61596532355814
cluster_S_1,2003-07-01,6.13258492073829
cluster_S_1,2003-08-01,6.7977695519512
cluster_S_1,2003-09-01,6.63432436500049
cluster_S_1,2003-10-01,6.59645996168606
cluster_S_1,2003-11-01,6.8442568065708
cluster_S_1,2003-12-01,7.58978336630157
cluster_S_1,2004-01-01,6.16285190009983
cluster_S_1,2004-02-01,6.4817313565273
cluster_S_1,2004-03-01,6.24992146495296
cluster_S_1,2004-04-01,6.74444216012539
cluster_S_1,2004-05-01,6.99428570221591
cluster_S_1,2004-06-01,5.8883293383384
cluster_S_1,2004-07-01,7.08941183551721
cluster_S_1,2004-08-01,6.74755486245991
cluster_S_1,2004-09-01,7.07543695486486
cluster_S_1,2004-10-01,6.91911895241236
cluster_S_1,2004-11-01,7.16829711375917
cluster_S_1,2004-12-01,7.2479677639202
cluster_S_1,2005-01-01,6.56467950185906
cluster_S_1,2005-02-01,6.45113862015067
cluster_S_1,2005-03-01,6.80612510600445
cluster_S_1,2005-04-01,5.92387546414011
cluster_S_1,2005-05-01,6.56821053538858
cluster_S_1,2005-06-01,6.11139843393712
cluster_S_1,2005-07-01,6.56081640441505
cluster_S_1,2005-08-01,6.85742266162227
cluster_S_1,2005-09-01,7.80568833523242
cluster_S_1,2005-10-01,6.33141674214247
cluster_S_1,2005-11-01,5.83543905255287
cluster_S_1,2005-12-01,6.49106330207299
cluster_S_1,2006-01-01,5.80731071034388
cluster_S_1,2006-02-01,5.39785548107962
cluster_S_1,2006-03-01,6.22904798764107
cluster_S_1,2006-04-01,6.1981892800826
cluster_S_1,2006-05-01,6.13824786515358
cluster_S_1,2006-06-01,6.30085672137902
cluster_S_1,2006-07-01,6.79076414679774
cluster_S_1,2006-08-01,6.22158786871309
cluster_S_1,2006-09-01,6.63434197522722
cluster_S_1,2006-10-01,6.74695586816957
cluster_S_1,2006-11-01,7.43073194141782
cluster_S_1,2006-12-01,6.05614968580377
cluster_S_1,2007-01-01,6.33299965583626
cluster_S_1,2007-02-01,6.67847477496835
cluster_S_1,2007-03-01,6.29178533498392
cluster_S_1,2007-04-01,6.029713561283
cluster_S_1,2007-05-01,6.39738932996978
cluster_S_1,2007-06-01,6.08856287223237
cluster_S_1,2007-07-01,6.46020972100189
cluster_S_1,2007-08-01,7.33498509013523
cluster_S_1,2007-09-01,6.84715956659777
cluster_S_1,2007-10-01,6.93223901544759
cluster_S_1,2007-11-01,6.49425877285055
cluster_S_1,2007-12-01,5.8544685745171
cluster_S_1,2008-01-01,6.98147538469978
cluster_S_1,2008-02-01,6.64104449522417
cluster_S_1,2008-03-01,5.74001065016732
cluster_S_1,2008-04-01,5.3907605360973
cluster_S_1,2008-05-01,6.3718412717238
cluster_S_1,2008-06-01,6.29111189029873
cluster_S_1,2008-07-01,6.14241484712964
cluster_S_1,2008-08-01,6.73931055793062
cluster_S_1,2008-09-01,7.16285775968482
cluster_S_1,2008-10-01,6.83846276320058
cluster_S_1,2008-11-01,7.63249900260463
cluster_S_1,2008-12-01,6.46101010734254
cluster_S_1,2009-01-01,6.70328697935286
cluster_S_1,2009-02-01,6.27219396524637
cluster_S_1,2009-03-01,6.16808131660823
cluster_S_1,2009-04-01,5.82413841098964
cluster_S_1,2009-05-01,5.9441767283271
cluster_S_1,2009-06-01,6.50014385323551
cluster_S_1,2009-07-01,6.42880455946211
cluster_S_1,2009-08-01,6.7823833649806
cluster_S_1,2009-09-01,7.06095447689167
cluster_S_1,2009-10-01,6.76329485179568
cluster_S_1,2009-11-01,7.06660012914578
cluster_S_1,2009-12-01,6.56435947171391
cluster_S_1,2010-01-01,6.01222245694901
cluster_S_1,2010-02-01,6.60159829756431
cluster_S_1,2010-03-01,6.05991381970299
cluster_S_1,2010-04-01,6.04253614760198
cluster_S_1,2010-05-01,6.83229031524557
cluster_S_1,2010-06-01,7.13727120415165
cluster_S_1,2010-07-01,7.14103091827776
cluster_S_1,2010-08-01,6.69922242658017
cluster_S_1,2010-09-01,7.16934786129893
cluster_S_1,2010-10-01,6.15228813449745
cluster_S_1,2010-11-01,5.97517493513313
cluster_S_1,2010-12-01,6.78398249060508
cluster_S_1,2011-01-01,5.97958027727199
cluster_S_1,2011-02-01,6.71125614351814
cluster_S_1,2011-03-01,7.11212881357163
cluster_S_1,2011-04-01,5.67643246035454
cluster_S_1,2011-05-01,5.90675430694498
cluster_S_1,2011-06-01,6.92666251466112
cluster_S_1,2011-07-01,6.62490973083482
cluster_S_1,2011-08-01,8.02980007453124
cluster_S_1,2011-09-01,6.86314102903739
cluster_S_1,2011-10-01,6.98945091104258
cluster_S_1,2011-11-01,6.72790328264576
cluster_S_1,2011-12-01,6.40996847826416
cluster_S_1,2012-01-01,6.54685062120771
cluster_S_1,2012-02-01,5.88216311906249
cluster_S_1,2012-03-01,5.57058997282759
cluster_S_1,2012-04-01,5.86166532163523
cluster_S_1,2012-05-01,5.92873004782628
cluster_S_1,2012-06-01,6.22628546259301
cluster_S_1,2012-07-01,6.47143720452645
cluster_S_1,2012-08-01,7.14743105261034
cluster_S_1,2012-09-01,7.35416646523295
cluster_S_1,2012-10-01,7.30284789110943
cluster_S_1,2012-11-01,6.43122359353769
cluster_S_1,2012-12-01,6.46636181850007
cluster_S_1,2013-01-01,6.23317082645663
cluster_S_1,2013-02-01,6.4766219800971
cluster_S_1,2013-03-01,6.33091464774095
cluster_S_1,2013-04-01,6.33871738809428
cluster_S_1,2013-05-01,5.73609256817985
cluster_S_1,2013-06-01,5.65600929478358
cluster_S_1,2013-07-01,6.04030517526088
cluster_S_1,2013-08-01,6.68743581034949
cluster_S_1,2013-09-01,6.98131647221826
cluster_S_1,2013-10-01,6.13204581205973
cluster_S_1,2013-11-01,7.57503941348171
cluster_S_1,2013-12-01,5.73312647741241
cluster_S_1,2014-01-01,5.99803002479934
cluster_S_1,2014-02-01,6.0410703250335
cluster_S_1,2014-03-01,5.93559440546208
cluster_S_1,2014-04-01,6.1373512529353
cluster_S_1,2014-05-01,4.92390672017377
cluster_S_1,2014-06-01,6.83341905273656
cluster_S_1,2014-07-01,6.48231345117377
cluster_S_1,2014-08-01,6.39747826371137
cluster_S_1,2014-09-01,6.85474744806213
cluster_S_1,2014-10-01,6.48914715532832
cluster_S_1,2014-11-01,6.47299825243161
cluster_S_1,2014-12-01,5.87277084220701
cluster_S_1,2015-01-01,5.64596820302162
cluster_S_1,2015-02-01,5.35206075938253
cluster_S_1,2015-03-01,5.52877197391235
cluster_S_1,2015-04-01,5.21680204879334
cluster_S_1,2015-05-01,5.89870114790373
cluster_S_1,2015-06-01,6.06647296423532
cluster_S_1,2015-07-01,5.47025491633736
cluster_S_1,2015-08-01,7.03830942424172
cluster_S_1,2015-09-01,6.53408338253437
cluster_S_1,2015-10-01,7.44456529692809
cluster_S_1,2015-11-01,6.64975263617763
cluster_S_1,2015-12-01,6.45930043703235
cluster_S_1,2016-01-01,6.43556269507912
cluster_S_1,2016-02-01,5.71487767458829
cluster_S_1,2016-03-01,6.18853185233626
cluster_S_1,2016-04-01,7.03003963214929
cluster_S_1,2016-05-01,6.14009509110079
cluster_S_1,2016-06-01,5.88439917942074
cluster_S_1,2016-07-01,6.79928878660385
cluster_S_1,2016-08-01,5.9144250461837
cluster_S_1,2016-09-01,7.37835968115329
cluster_S_1,2016-10-01,7.62532079945566
cluster_S_1,2016-11-01,6.30871725006079
cluster_S_1,2016-12-01,6.36697706619822
cluster_S_1,2017-01-01,6.31401703881475
cluster_S_1,2017-02-01,5.6813508140656
cluster_S_1,2017-03-01,6.7135388066957
cluster_S_1,2017-04-01,7.15910086858294
cluster_S_1,2017-05-01,6.71026609674795
cluster_S_1,2017-06-01,6.42738199185112
cluster_S_1,2017-07-01,6.86177330790445
cluster_S_1,2017-08-01,7.37200120871484
cluster_S_1,2017-09-01,6.95603986685449
cluster_S_1,2017-10-01,7.23984561283821
cluster_S_1,2017-11-01,6.63561807954821
cluster_S_1,2017-12-01,6.49326298403354
cluster_S_1,2018-01-01,6.54364030898472
cluster_S_1,2018-02-01,5.80211129884412
cluster_S_1,2018-03-01,5.70340288566815
cluster_S_1,2018-04-01,5.44170562373217
cluster_S_1,2018-05-01,6.40883022275726
cluster_S_1,2018-06-01,6.23293303693558
cluster_S_1,2018-07-01,6.86279879319302
cluster_S_1,2018-08-01,6.8483305675828
cluster_S_1,2018-09-01,6.99290217042166
cluster_S_1,2018-10-01,6.51447391575926
cluster_S_1,2018-11-01,7.238244106461
cluster_S_1,2018-12-01,6.8705686818674
cluster_S_1,2019-01-01,6.6525793965409
cluster_S_1,2019-02-01,5.60985723877261
cluster_S_1,2019-03-01,6.6996570299262
cluster_S_1,2019-04-01,5.7285208327483
cluster_S_1,2019-05-01,6.00629532706406
cluster_S_1,2019-06-01,6.37016957786935
cluster_S_1,2019-07-01,6.53674447355209
cluster_S_1,2019-08-01,6.66088106890568
cluster_S_1,2019-09-01,6.33468275578652
cluster_S_1,2019-10-01,6.84112065414607
cluster_S_1,2019-11-01,6.67211112546871
cluster_S_1,2019-12-01,6.72212662855099
cluster_S_1,2020-01-01,6.47982230341579
cluster_S_1,2020-02-01,6.75974615802987
cluster_S_1,2020-03-01,6.15459813429016
cluster_S_1,2020-04-01,7.44621887802233
cluster_S_1,2020-05-01,6.85308524537217
cluster_S_1,2020-06-01,6.49338461931682
cluster_S_1,2020-07-01,6.81036072157853
cluster_S_1,2020-08-01,6.32177637493322
cluster_S_1,2020-09-01,6.52813658897403
cluster_S_1,2020-10-01,7.11132472449208
cluster_S_1,2020-11-01,6.23766505798882
cluster_S_1,2020-12-01,6.75116493022573
cluster_S_1,2021-01-01,4.92284311015763
